law,pixels,path
warm?,212,BOHEMIA_BRIDGE_SET_7_10_26.txt.tiles[35].b64
warm?,63,BOHEMIA_BRIDGE_SET_7_10_26.txt.tiles[37].b64
warm?,78,BOHEMIA_BRIDGE_SET_7_10_26.txt.tiles[50].b64
warm?,51,BOHEMIA_BRIDGE_SET_7_10_26.txt.tiles[51].b64
warm?,18,BOHEMIA_BRIDGE_SET_7_10_26.txt.tiles[53].b64
warm?,7,BOHEMIA_BRIDGE_SET_7_10_26.txt.tiles[55].b64
warm?,30,BOHEMIA_BRIDGE_SET_7_10_26.txt.tiles[56].b64
warm?,1,BOHEMIA_BRIDGE_SET_7_10_26.txt.tiles[57].b64
warm?,1,BOHEMIA_BRIDGE_SET_7_10_26.txt.tiles[63].b64
warm?,41,BOHEMIA_BRIDGE_SET_7_10_26.txt.tiles[79].b64
warm?,59,BOHEMIA_BRIDGE_SET_7_10_26.txt.tiles[80].b64
warm?,44,BOHEMIA_BRIDGE_SET_7_10_26.txt.tiles[81].b64
warm?,36,BOHEMIA_BRIDGE_SET_7_10_26.txt.tiles[82].b64
warm?,29,BOHEMIA_BRIDGE_SET_7_10_26.txt.tiles[84].b64
warm?,38,BOHEMIA_BRIDGE_SET_7_10_26.txt.tiles[85].b64
warm?,18,BOHEMIA_BRIDGE_SET_7_10_26.txt.tiles[86].b64
PURPLE,33,BOHEMIA_BRIDGE_SET_7_10_26.txt.tiles[89].b64
warm?,22,BOHEMIA_BRIDGE_SET_7_10_26.txt.tiles[90].b64
warm?,95,BOHEMIA_BRIDGE_SET_7_10_26.txt.tiles[92].b64
warm?,20,BOHEMIA_BRIDGE_SET_7_10_26.txt.tiles[93].b64
PURPLE,5,BOHEMIA_BRIDGE_SET_7_10_26.txt.tiles[99].b64
PURPLE,6,BOHEMIA_BRIDGE_SET_7_10_26.txt.tiles[101].b64
warm?,5,BOHEMIA_BRIDGE_SET_7_10_26.txt.tiles[118].b64
PURPLE,21,BOHEMIA_BRIDGE_SET_7_10_26.txt.tiles[118].b64
warm?,4,BOHEMIA_BRIDGE_SET_7_10_26.txt.tiles[121].b64
PURPLE,26,BOHEMIA_BRIDGE_SET_7_10_26.txt.tiles[121].b64
warm?,143,BOHEMIA_BRIDGE_SET_7_10_26.txt.tiles[122].b64
warm?,96,BOHEMIA_BRIDGE_SET_7_10_26.txt.tiles[123].b64
warm?,280,BOHEMIA_BRIDGE_SET_7_10_26.txt.tiles[129].b64
warm?,150,BOHEMIA_BRIDGE_SET_7_10_26.txt.tiles[130].b64
warm?,185,BOHEMIA_BRIDGE_SET_7_10_26.txt.tiles[131].b64
warm?,181,BOHEMIA_BRIDGE_SET_7_10_26.txt.tiles[132].b64
warm?,210,BOHEMIA_BRIDGE_SET_7_10_26.txt.tiles[133].b64
warm?,253,BOHEMIA_BRIDGE_SET_7_10_26.txt.tiles[134].b64
warm?,229,BOHEMIA_BRIDGE_SET_7_10_26.txt.tiles[136].b64
warm?,267,BOHEMIA_BRIDGE_SET_7_10_26.txt.tiles[161].b64
warm?,260,BOHEMIA_BRIDGE_SET_7_10_26.txt.tiles[162].b64
warm?,211,BOHEMIA_BRIDGE_SET_7_10_26.txt.tiles[163].b64
warm?,208,BOHEMIA_BRIDGE_SET_7_10_26.txt.tiles[164].b64
warm?,183,BOHEMIA_BRIDGE_SET_7_10_26.txt.tiles[165].b64
warm?,37,BOHEMIA_BRIDGE_SET_7_10_26.txt.tiles[167].b64
warm?,203,BOHEMIA_BRIDGE_SET_7_10_26.txt.tiles[170].b64
PURPLE,4,BOHEMIA_BRIDGE_SET_7_10_26.txt.tiles[170].b64
warm?,94,BOHEMIA_BRIDGE_SET_7_10_26.txt.tiles[173].b64
LAVA,94,BOHEMIA_BRIDGE_SET_7_10_26.txt.tiles[175].b64
warm?,2,BOHEMIA_BRIDGE_SET_7_10_26.txt.tiles[180].b64
warm?,146,BOHEMIA_BRIDGE_SET_7_10_26.txt.tiles[188].b64
warm?,249,BOHEMIA_BRIDGE_SET_7_10_26.txt.tiles[194].b64
warm?,157,BOHEMIA_BRIDGE_SET_7_10_26.txt.tiles[195].b64
warm?,2,BOHEMIA_BRIDGE_SET_7_10_26.txt.tiles[196].b64
warm?,90,BOHEMIA_BRIDGE_SET_7_10_26.txt.tiles[197].b64
LAVA,8,BOHEMIA_BRIDGE_SET_7_10_26.txt.tiles[202].b64
warm?,153,BOHEMIA_GROUND_SEAMLESS_SET_7_10_26.txt.tiles[36].b64
warm?,94,BOHEMIA_GROUND_SEAMLESS_SET_7_10_26.txt.tiles[41].b64
warm?,78,BOHEMIA_GROUND_SEAMLESS_SET_7_10_26.txt.tiles[42].b64
warm?,94,BOHEMIA_GROUND_SEAMLESS_SET_7_10_26.txt.tiles[43].b64
warm?,87,BOHEMIA_GROUND_SEAMLESS_SET_7_10_26.txt.tiles[44].b64
warm?,131,BOHEMIA_GROUND_SEAMLESS_SET_7_10_26.txt.tiles[45].b64
warm?,143,BOHEMIA_GROUND_SEAMLESS_SET_7_10_26.txt.tiles[46].b64
warm?,67,BOHEMIA_GROUND_SEAMLESS_SET_7_10_26.txt.tiles[47].b64
warm?,108,BOHEMIA_GROUND_SEAMLESS_SET_7_10_26.txt.tiles[48].b64
warm?,69,BOHEMIA_GROUND_SEAMLESS_SET_7_10_26.txt.tiles[49].b64
warm?,36,BOHEMIA_GROUND_SEAMLESS_SET_7_10_26.txt.tiles[52].b64
warm?,14,BOHEMIA_GROUND_SEAMLESS_SET_7_10_26.txt.tiles[53].b64
warm?,15,BOHEMIA_GROUND_SEAMLESS_SET_7_10_26.txt.tiles[55].b64
warm?,196,BOHEMIA_GROUND_SEAMLESS_SET_7_10_26.txt.tiles[56].b64
warm?,118,BOHEMIA_GROUND_SEAMLESS_SET_7_10_26.txt.tiles[57].b64
warm?,81,BOHEMIA_GROUND_SEAMLESS_SET_7_10_26.txt.tiles[62].b64
warm?,80,BOHEMIA_GROUND_SEAMLESS_SET_7_10_26.txt.tiles[63].b64
warm?,481,BOHEMIA_GROUND_SEAMLESS_SET_7_10_26.txt.tiles[69].b64
PURPLE,1,BOHEMIA_GROUND_SEAMLESS_SET_7_10_26.txt.tiles[69].b64
warm?,490,BOHEMIA_GROUND_SEAMLESS_SET_7_10_26.txt.tiles[70].b64
warm?,452,BOHEMIA_GROUND_SEAMLESS_SET_7_10_26.txt.tiles[72].b64
warm?,68,BOHEMIA_GROUND_SEAMLESS_SET_7_10_26.txt.tiles[75].b64
warm?,116,BOHEMIA_GROUND_SEAMLESS_SET_7_10_26.txt.tiles[96].b64
PURPLE,4,BOHEMIA_GROUND_SEAMLESS_SET_7_10_26.txt.tiles[109].b64
warm?,1,BOHEMIA_GROUND_SEAMLESS_SET_7_10_26.txt.tiles[114].b64
PURPLE,83,BOHEMIA_GROUND_SEAMLESS_SET_7_10_26.txt.tiles[114].b64
PURPLE,67,BOHEMIA_GROUND_SEAMLESS_SET_7_10_26.txt.tiles[115].b64
PURPLE,75,BOHEMIA_GROUND_SEAMLESS_SET_7_10_26.txt.tiles[116].b64
PURPLE,1,BOHEMIA_GROUND_SEAMLESS_SET_7_10_26.txt.tiles[117].b64
warm?,5,BOHEMIA_GROUND_SEAMLESS_SET_7_10_26.txt.tiles[118].b64
PURPLE,62,BOHEMIA_GROUND_SEAMLESS_SET_7_10_26.txt.tiles[118].b64
PURPLE,8,BOHEMIA_GROUND_SEAMLESS_SET_7_10_26.txt.tiles[119].b64
PURPLE,1,BOHEMIA_GROUND_SEAMLESS_SET_7_10_26.txt.tiles[121].b64
warm?,1,BOHEMIA_GROUND_SEAMLESS_SET_7_10_26.txt.tiles[123].b64
PURPLE,14,BOHEMIA_GROUND_SEAMLESS_SET_7_10_26.txt.tiles[123].b64
PURPLE,7,BOHEMIA_GROUND_SEAMLESS_SET_7_10_26.txt.tiles[124].b64
PURPLE,49,BOHEMIA_GROUND_SEAMLESS_SET_7_10_26.txt.tiles[125].b64
warm?,3,BOHEMIA_GROUND_SEAMLESS_SET_7_10_26.txt.tiles[126].b64
PURPLE,1,BOHEMIA_GROUND_SEAMLESS_SET_7_10_26.txt.tiles[126].b64
warm?,2,BOHEMIA_GROUND_SEAMLESS_SET_7_10_26.txt.tiles[127].b64
PURPLE,15,BOHEMIA_GROUND_SEAMLESS_SET_7_10_26.txt.tiles[127].b64
warm?,4,BOHEMIA_GROUND_SEAMLESS_SET_7_10_26.txt.tiles[128].b64
PURPLE,8,BOHEMIA_GROUND_SEAMLESS_SET_7_10_26.txt.tiles[128].b64
PURPLE,1,BOHEMIA_GROUND_SEAMLESS_SET_7_10_26.txt.tiles[130].b64
PURPLE,1,BOHEMIA_GROUND_SEAMLESS_SET_7_10_26.txt.tiles[132].b64
warm?,1,BOHEMIA_GROUND_SEAMLESS_SET_7_10_26.txt.tiles[135].b64
warm?,23,BOHEMIA_GROUND_SEAMLESS_SET_7_10_26.txt.tiles[138].b64
warm?,1,BOHEMIA_GROUND_SEAMLESS_SET_7_10_26.txt.tiles[139].b64
PURPLE,3,BOHEMIA_GROUND_SEAMLESS_SET_7_10_26.txt.tiles[139].b64
warm?,7,BOHEMIA_GROUND_SEAMLESS_SET_7_10_26.txt.tiles[141].b64
PURPLE,62,BOHEMIA_GROUND_SEAMLESS_SET_7_10_26.txt.tiles[143].b64
warm?,3,BOHEMIA_GROUND_SEAMLESS_SET_7_10_26.txt.tiles[144].b64
PURPLE,55,BOHEMIA_GROUND_SEAMLESS_SET_7_10_26.txt.tiles[144].b64
warm?,3,BOHEMIA_GROUND_SEAMLESS_SET_7_10_26.txt.tiles[147].b64
PURPLE,48,BOHEMIA_GROUND_SEAMLESS_SET_7_10_26.txt.tiles[147].b64
warm?,1,BOHEMIA_GROUND_SEAMLESS_SET_7_10_26.txt.tiles[148].b64
PURPLE,77,BOHEMIA_GROUND_SEAMLESS_SET_7_10_26.txt.tiles[148].b64
PURPLE,59,BOHEMIA_GROUND_SEAMLESS_SET_7_10_26.txt.tiles[149].b64
warm?,4,BOHEMIA_GROUND_SEAMLESS_SET_7_10_26.txt.tiles[151].b64
PURPLE,2,BOHEMIA_GROUND_SEAMLESS_SET_7_10_26.txt.tiles[151].b64
warm?,1,BOHEMIA_GROUND_SEAMLESS_SET_7_10_26.txt.tiles[153].b64
warm?,1,BOHEMIA_GROUND_SEAMLESS_SET_7_10_26.txt.tiles[154].b64
PURPLE,3,BOHEMIA_GROUND_SEAMLESS_SET_7_10_26.txt.tiles[154].b64
warm?,1,BOHEMIA_GROUND_SEAMLESS_SET_7_10_26.txt.tiles[177].b64
warm?,1,BOHEMIA_GROUND_SEAMLESS_SET_7_10_26.txt.tiles[191].b64
warm?,2,BOHEMIA_GROUND_SEAMLESS_SET_7_10_26.txt.tiles[192].b64
warm?,1,BOHEMIA_GROUND_SEAMLESS_SET_7_10_26.txt.tiles[194].b64
warm?,1,BOHEMIA_GROUND_SEAMLESS_SET_7_10_26.txt.tiles[196].b64
warm?,2,BOHEMIA_GROUND_SEAMLESS_SET_7_10_26.txt.tiles[197].b64
warm?,6,BOHEMIA_GROUND_SEAMLESS_SET_7_10_26.txt.tiles[202].b64
LAVA,17,BOHEMIA_GROUND_SEAMLESS_SET_7_10_26.txt.tiles[203].b64
warm?,47,BOHEMIA_GROUND_SEAMLESS_SET_7_10_26.txt.tiles[214].b64
warm?,1,BOHEMIA_GROUND_SEAMLESS_SET_7_10_26.txt.tiles[218].b64
warm?,10,BOHEMIA_GROUND_SEAMLESS_SET_7_10_26.txt.tiles[227].b64
PURPLE,6,BOHEMIA_GROUND_SEAMLESS_SET_7_10_26.txt.tiles[227].b64
warm?,1,BOHEMIA_GROUND_SEAMLESS_SET_7_10_26.txt.tiles[229].b64
warm?,1,BOHEMIA_GROUND_SEAMLESS_SET_7_10_26.txt.tiles[236].b64
warm?,219,BOHEMIA_GROUND_SEAMLESS_SET_7_10_26.txt.tiles[240].b64
warm?,1,BOHEMIA_GROUND_SEAMLESS_SET_7_10_26.txt.tiles[242].b64
warm?,178,BOHEMIA_GROUND_SEAMLESS_SET_7_10_26.txt.tiles[249].b64
warm?,84,BOHEMIA_GROUND_SEAMLESS_SET_7_10_26.txt.tiles[267].b64
warm?,56,BOHEMIA_GROUND_SEAMLESS_SET_7_10_26.txt.tiles[268].b64
warm?,8,BOHEMIA_GROUND_SEAMLESS_SET_7_10_26.txt.tiles[269].b64
warm?,82,BOHEMIA_GROUND_SEAMLESS_SET_7_10_26.txt.tiles[277].b64
warm?,228,BOHEMIA_GROUND_SEAMLESS_SET_7_10_26.txt.tiles[281].b64
warm?,88,BOHEMIA_GROUND_SEAMLESS_SET_7_10_26.txt.tiles[282].b64
warm?,9,BOHEMIA_GROUND_SEAMLESS_SET_7_10_26.txt.tiles[283].b64
warm?,8,BOHEMIA_GROUND_SEAMLESS_SET_7_10_26.txt.tiles[288].b64
warm?,2,BOHEMIA_GROUND_SEAMLESS_SET_7_10_26.txt.tiles[289].b64
warm?,11,BOHEMIA_GROUND_SEAMLESS_SET_7_10_26.txt.tiles[294].b64
warm?,1,BOHEMIA_GROUND_SEAMLESS_SET_7_10_26.txt.tiles[298].b64
warm?,2,BOHEMIA_GROUND_SEAMLESS_SET_7_10_26.txt.tiles[300].b64
warm?,303,BOHEMIA_GROUND_SEAMLESS_SET_7_10_26.txt.tiles[301].b64
LAVA,3,BOHEMIA_GROUND_SEAMLESS_SET_7_10_26.txt.tiles[302].b64
LAVA,1,BOHEMIA_GROUND_SEAMLESS_SET_7_10_26.txt.tiles[303].b64
warm?,254,BOHEMIA_GROUND_SEAMLESS_SET_7_10_26.txt.tiles[305].b64
warm?,1,BOHEMIA_GROUND_SEAMLESS_SET_7_10_26.txt.tiles[309].b64
warm?,5,BOHEMIA_GROUND_SEAMLESS_SET_7_10_26.txt.tiles[317].b64
warm?,2,BOHEMIA_GROUND_SEAMLESS_SET_7_10_26.txt.tiles[325].b64
warm?,4,BOHEMIA_GROUND_SEAMLESS_SET_7_10_26.txt.tiles[326].b64
warm?,3,BOHEMIA_GROUND_SEAMLESS_SET_7_10_26.txt.tiles[331].b64
warm?,48,BOHEMIA_GROUND_SEAMLESS_SET_7_10_26.txt.tiles[333].b64
warm?,3,BOHEMIA_GROUND_SEAMLESS_SET_7_10_26.txt.tiles[334].b64
LAVA,1,BOHEMIA_GROUND_SEAMLESS_SET_7_10_26.txt.tiles[341].b64
warm?,6,BOHEMIA_GROUND_SEAMLESS_SET_7_10_26.txt.tiles[342].b64
warm?,2,BOHEMIA_GROUND_SEAMLESS_SET_7_10_26.txt.tiles[343].b64
LAVA,1,BOHEMIA_GROUND_SEAMLESS_SET_7_10_26.txt.tiles[344].b64
warm?,9,BOHEMIA_GROUND_SEAMLESS_SET_7_10_26.txt.tiles[345].b64
warm?,11,BOHEMIA_GROUND_SEAMLESS_SET_7_10_26.txt.tiles[346].b64
warm?,9,BOHEMIA_GROUND_SEAMLESS_SET_7_10_26.txt.tiles[347].b64
warm?,15,BOHEMIA_GROUND_SEAMLESS_SET_7_10_26.txt.tiles[348].b64
warm?,7,BOHEMIA_GROUND_SEAMLESS_SET_7_10_26.txt.tiles[349].b64
PURPLE,54,BOHEMIA_GROUND_SEAMLESS_SET_7_10_26.txt.tiles[359].b64
PURPLE,119,BOHEMIA_GROUND_SEAMLESS_SET_7_10_26.txt.tiles[364].b64
warm?,32,BOHEMIA_GROUND_SEAMLESS_SET_7_10_26.txt.tiles[365].b64
warm?,29,BOHEMIA_GROUND_SEAMLESS_SET_7_10_26.txt.tiles[370].b64
warm?,46,BOHEMIA_GROUND_SEAMLESS_SET_7_10_26.txt.tiles[373].b64
PURPLE,2,BOHEMIA_GROUND_SEAMLESS_SET_7_10_26.txt.tiles[373].b64
warm?,57,BOHEMIA_GROUND_SEAMLESS_SET_7_10_26.txt.tiles[374].b64
warm?,32,BOHEMIA_GROUND_SEAMLESS_SET_7_10_26.txt.tiles[376].b64
warm?,34,BOHEMIA_GROUND_SEAMLESS_SET_7_10_26.txt.tiles[377].b64
warm?,33,BOHEMIA_GROUND_SEAMLESS_SET_7_10_26.txt.tiles[380].b64
warm?,38,BOHEMIA_GROUND_SEAMLESS_SET_7_10_26.txt.tiles[381].b64
warm?,42,BOHEMIA_GROUND_SEAMLESS_SET_7_10_26.txt.tiles[382].b64
warm?,73,BOHEMIA_GROUND_SEAMLESS_SET_7_10_26.txt.tiles[386].b64
warm?,33,BOHEMIA_GROUND_SEAMLESS_SET_7_10_26.txt.tiles[387].b64
PURPLE,1,BOHEMIA_GROUND_SEAMLESS_SET_7_10_26.txt.tiles[387].b64
LAVA,29,BOHEMIA_GROUND_SEAMLESS_SET_7_10_26.txt.tiles[403].b64
LAVA,2,BOHEMIA_GROUND_SEAMLESS_SET_7_10_26.txt.tiles[411].b64
warm?,97,BOHEMIA_GROUND_SEAMLESS_SET_7_10_26.txt.tiles[412].b64
PURPLE,124,BOHEMIA_GROUND_SEAMLESS_SET_7_10_26.txt.tiles[416].b64
PURPLE,84,BOHEMIA_GROUND_SEAMLESS_SET_7_10_26.txt.tiles[420].b64
PURPLE,147,BOHEMIA_GROUND_SEAMLESS_SET_7_10_26.txt.tiles[423].b64
PURPLE,272,BOHEMIA_GROUND_SEAMLESS_SET_7_10_26.txt.tiles[424].b64
PURPLE,575,BOHEMIA_GROUND_SEAMLESS_SET_7_10_26.txt.tiles[433].b64
PURPLE,122,BOHEMIA_GROUND_SEAMLESS_SET_7_10_26.txt.tiles[434].b64
warm?,249,BOHEMIA_GROUND_SEAMLESS_SET_7_10_26.txt.tiles[441].b64
warm?,36,BOHEMIA_GROUND_SEAMLESS_SET_7_10_26.txt.tiles[443].b64
PURPLE,21,BOHEMIA_GROUND_SEAMLESS_SET_7_10_26.txt.tiles[443].b64
warm?,247,BOHEMIA_GROUND_SEAMLESS_SET_7_10_26.txt.tiles[448].b64
PURPLE,11,BOHEMIA_GROUND_SEAMLESS_SET_7_10_26.txt.tiles[455].b64
PURPLE,236,BOHEMIA_GROUND_SEAMLESS_SET_7_10_26.txt.tiles[456].b64
warm?,603,BOHEMIA_GROUND_SEAMLESS_SET_7_10_26.txt.tiles[461].b64
LAVA,8,BOHEMIA_GROUND_SEAMLESS_SET_7_10_26.txt.tiles[464].b64
warm?,662,BOHEMIA_GROUND_SEAMLESS_SET_7_10_26.txt.tiles[467].b64
warm?,676,BOHEMIA_GROUND_SEAMLESS_SET_7_10_26.txt.tiles[468].b64
warm?,485,BOHEMIA_GROUND_SEAMLESS_SET_7_10_26.txt.tiles[469].b64
LAVA,1,BOHEMIA_GROUND_SEAMLESS_SET_7_10_26.txt.tiles[470].b64
warm?,566,BOHEMIA_GROUND_SEAMLESS_SET_7_10_26.txt.tiles[471].b64
warm?,383,BOHEMIA_GROUND_SEAMLESS_SET_7_10_26.txt.tiles[472].b64
warm?,70,BOHEMIA_GROUND_SEAMLESS_SET_7_10_26.txt.tiles[473].b64
warm?,462,BOHEMIA_GROUND_SEAMLESS_SET_7_10_26.txt.tiles[475].b64
warm?,77,BOHEMIA_GROUND_SEAMLESS_SET_7_10_26.txt.tiles[476].b64
warm?,186,BOHEMIA_GROUND_SEAMLESS_SET_7_10_26.txt.tiles[477].b64
LAVA,18,BOHEMIA_GROUND_SEAMLESS_SET_7_10_26.txt.tiles[478].b64
PURPLE,81,BOHEMIA_GROUND_SEAMLESS_SET_7_10_26.txt.tiles[484].b64
warm?,2,BOHEMIA_GROUND_SEAMLESS_SET_7_10_26.txt.tiles[491].b64
warm?,40,BOHEMIA_GROUND_SEAMLESS_SET_7_10_26.txt.tiles[504].b64
PURPLE,4,BOHEMIA_GROUND_SEAMLESS_SET_7_10_26.txt.tiles[504].b64
warm?,14,BOHEMIA_GROUND_SEAMLESS_SET_7_10_26.txt.tiles[511].b64
PURPLE,32,BOHEMIA_GROUND_SEAMLESS_SET_7_10_26.txt.tiles[511].b64
LAVA,51,BOHEMIA_GROUND_SEAMLESS_SET_7_10_26.txt.tiles[516].b64
LAVA,194,BOHEMIA_GROUND_SEAMLESS_SET_7_10_26.txt.tiles[524].b64
warm?,14,BOHEMIA_GROUND_SEAMLESS_SET_7_10_26.txt.tiles[570].b64
warm?,30,BOHEMIA_GROUND_SEAMLESS_SET_7_10_26.txt.tiles[571].b64
warm?,23,BOHEMIA_GROUND_SEAMLESS_SET_7_10_26.txt.tiles[572].b64
warm?,30,BOHEMIA_GROUND_SEAMLESS_SET_7_10_26.txt.tiles[573].b64
warm?,58,BOHEMIA_GROUND_SEAMLESS_SET_7_10_26.txt.tiles[574].b64
warm?,17,BOHEMIA_GROUND_SEAMLESS_SET_7_10_26.txt.tiles[577].b64
PURPLE,127,BOHEMIA_GROUND_SEAMLESS_SET_7_10_26.txt.tiles[589].b64
PURPLE,76,BOHEMIA_GROUND_SEAMLESS_SET_7_10_26.txt.tiles[593].b64
PURPLE,135,BOHEMIA_GROUND_SEAMLESS_SET_7_10_26.txt.tiles[594].b64
PURPLE,112,BOHEMIA_GROUND_SEAMLESS_SET_7_10_26.txt.tiles[607].b64
PURPLE,68,BOHEMIA_GROUND_SEAMLESS_SET_7_10_26.txt.tiles[609].b64
warm?,10,BOHEMIA_GROUND_SEAMLESS_SET_7_10_26.txt.tiles[620].b64
warm?,13,BOHEMIA_GROUND_SEAMLESS_SET_7_10_26.txt.tiles[621].b64
warm?,20,BOHEMIA_GROUND_SEAMLESS_SET_7_10_26.txt.tiles[622].b64
warm?,16,BOHEMIA_GROUND_SEAMLESS_SET_7_10_26.txt.tiles[623].b64
warm?,2,BOHEMIA_GROUND_SEAMLESS_SET_7_10_26.txt.tiles[625].b64
warm?,5,BOHEMIA_GROUND_SEAMLESS_SET_7_10_26.txt.tiles[626].b64
PURPLE,15,BOHEMIA_GROUND_SEAMLESS_SET_7_10_26.txt.tiles[627].b64
PURPLE,18,BOHEMIA_GROUND_SEAMLESS_SET_7_10_26.txt.tiles[628].b64
PURPLE,19,BOHEMIA_GROUND_SEAMLESS_SET_7_10_26.txt.tiles[629].b64
PURPLE,13,BOHEMIA_GROUND_SEAMLESS_SET_7_10_26.txt.tiles[631].b64
PURPLE,30,BOHEMIA_GROUND_SEAMLESS_SET_7_10_26.txt.tiles[632].b64
PURPLE,64,BOHEMIA_GROUND_SEAMLESS_SET_7_10_26.txt.tiles[633].b64
warm?,5,BOHEMIA_GROUND_SEAMLESS_SET_7_10_26.txt.tiles[640].b64
warm?,276,BOHEMIA_GROUND_SEAMLESS_SET_7_10_26.txt.tiles[644].b64
warm?,6,BOHEMIA_GROUND_SEAMLESS_SET_7_10_26.txt.tiles[647].b64
warm?,1,BOHEMIA_GROUND_SEAMLESS_SET_7_10_26.txt.tiles[649].b64
warm?,7,BOHEMIA_GROUND_SEAMLESS_SET_7_10_26.txt.tiles[651].b64
warm?,6,BOHEMIA_GROUND_SEAMLESS_SET_7_10_26.txt.tiles[653].b64
warm?,307,BOHEMIA_GROUND_SEAMLESS_SET_7_10_26.txt.tiles[654].b64
warm?,2,BOHEMIA_GROUND_SEAMLESS_SET_7_10_26.txt.tiles[662].b64
warm?,4,BOHEMIA_GROUND_SEAMLESS_SET_7_10_26.txt.tiles[665].b64
warm?,1,BOHEMIA_GROUND_SEAMLESS_SET_7_10_26.txt.tiles[666].b64
warm?,1,BOHEMIA_GROUND_SEAMLESS_SET_7_10_26.txt.tiles[667].b64
warm?,23,BOHEMIA_GROUND_SEAMLESS_SET_7_10_26.txt.tiles[745].b64
PURPLE,16,BOHEMIA_GROUND_SEAMLESS_SET_7_10_26.txt.tiles[745].b64
warm?,17,BOHEMIA_GROUND_SEAMLESS_SET_7_10_26.txt.tiles[746].b64
PURPLE,151,BOHEMIA_GROUND_SEAMLESS_SET_7_10_26.txt.tiles[748].b64
PURPLE,27,BOHEMIA_GROUND_SEAMLESS_SET_7_10_26.txt.tiles[749].b64
PURPLE,55,BOHEMIA_GROUND_SEAMLESS_SET_7_10_26.txt.tiles[751].b64
PURPLE,5,BOHEMIA_GROUND_SEAMLESS_SET_7_10_26.txt.tiles[755].b64
PURPLE,10,BOHEMIA_GROUND_SEAMLESS_SET_7_10_26.txt.tiles[756].b64
PURPLE,57,BOHEMIA_GROUND_SEAMLESS_SET_7_10_26.txt.tiles[760].b64
PURPLE,578,BOHEMIA_GROUND_SEAMLESS_SET_7_10_26.txt.tiles[765].b64
warm?,175,BOHEMIA_GROUND_SEAMLESS_SET_7_10_26.txt.tiles[766].b64
warm?,263,BOHEMIA_GROUND_SEAMLESS_SET_7_10_26.txt.tiles[774].b64
PURPLE,6,BOHEMIA_GROUND_SEAMLESS_SET_7_10_26.txt.tiles[775].b64
warm?,1,BOHEMIA_GROUND_SEAMLESS_SET_7_10_26.txt.tiles[776].b64
LAVA,22,BOHEMIA_GROUND_SEAMLESS_SET_7_10_26.txt.tiles[794].b64
warm?,24,BOHEMIA_GROUND_SEAMLESS_SET_7_10_26.txt.tiles[845].b64
warm?,16,BOHEMIA_GROUND_SEAMLESS_SET_7_10_26.txt.tiles[847].b64
warm?,32,BOHEMIA_GROUND_SEAMLESS_SET_7_10_26.txt.tiles[848].b64
LAVA,21,BOHEMIA_GROUND_SEAMLESS_SET_7_10_26.txt.tiles[852].b64
warm?,663,BOHEMIA_GROUND_SEAMLESS_SET_7_10_26.txt.tiles[859].b64
warm?,675,BOHEMIA_GROUND_SEAMLESS_SET_7_10_26.txt.tiles[860].b64
warm?,676,BOHEMIA_GROUND_SEAMLESS_SET_7_10_26.txt.tiles[862].b64
warm?,675,BOHEMIA_GROUND_SEAMLESS_SET_7_10_26.txt.tiles[865].b64
warm?,116,BOHEMIA_GROUND_SEAMLESS_SET_7_10_26.txt.tiles[884].b64
warm?,37,BOHEMIA_GROUND_SEAMLESS_SET_7_10_26.txt.tiles[885].b64
warm?,54,BOHEMIA_GROUND_SEAMLESS_SET_7_10_26.txt.tiles[888].b64
warm?,3,BOHEMIA_GROUND_SEAMLESS_SET_7_10_26.txt.tiles[893].b64
warm?,1,BOHEMIA_GROUND_SEAMLESS_SET_7_10_26.txt.tiles[902].b64
warm?,21,BOHEMIA_GROUND_SEAMLESS_SET_7_10_26.txt.tiles[913].b64
PURPLE,1,BOHEMIA_GROUND_SEAMLESS_SET_7_10_26.txt.tiles[913].b64
LAVA,2,BOHEMIA_GROUND_SEAMLESS_SET_7_10_26.txt.tiles[916].b64
warm?,12,BOHEMIA_GROUND_SEAMLESS_SET_7_10_26.txt.tiles[917].b64
warm?,163,BOHEMIA_GROUND_SEAMLESS_SET_7_10_26.txt.tiles[919].b64
PURPLE,1,BOHEMIA_GROUND_SEAMLESS_SET_7_10_26.txt.tiles[983].b64
warm?,48,BOHEMIA_GROUND_SEAMLESS_SET_7_10_26.txt.tiles[994].b64
PURPLE,67,BOHEMIA_GROUND_SEAMLESS_SET_7_10_26.txt.tiles[999].b64
PURPLE,7,BOHEMIA_GROUND_SEAMLESS_SET_7_10_26.txt.tiles[1003].b64
warm?,34,BOHEMIA_GROUND_SEAMLESS_SET_7_10_26.txt.tiles[1004].b64
PURPLE,2,BOHEMIA_GROUND_SEAMLESS_SET_7_10_26.txt.tiles[1004].b64
warm?,18,BOHEMIA_GROUND_SEAMLESS_SET_7_10_26.txt.tiles[1005].b64
PURPLE,4,BOHEMIA_GROUND_SEAMLESS_SET_7_10_26.txt.tiles[1005].b64
warm?,8,BOHEMIA_HOUSE_FACTORY_BANK_7_14_26.txt.houses[13].b64
warm?,3,BOHEMIA_HOUSE_FACTORY_BANK_7_14_26.txt.houses[18].b64
warm?,6,BOHEMIA_HOUSE_FACTORY_BANK_7_14_26.txt.houses[19].b64
warm?,71,BOHEMIA_MOUNTED_SIGNS_7_13_26.txt.signs[0].b64
warm?,38,BOHEMIA_MOUNTED_SIGNS_7_13_26.txt.signs[1].b64
warm?,47,BOHEMIA_MOUNTED_SIGNS_7_13_26.txt.signs[2].b64
warm?,35,BOHEMIA_MOUNTED_SIGNS_7_13_26.txt.signs[3].b64
warm?,32,BOHEMIA_MOUNTED_SIGNS_7_13_26.txt.signs[4].b64
warm?,38,BOHEMIA_MOUNTED_SIGNS_7_13_26.txt.signs[5].b64
warm?,34,BOHEMIA_MOUNTED_SIGNS_7_13_26.txt.signs[6].b64
warm?,40,BOHEMIA_MOUNTED_SIGNS_7_13_26.txt.signs[7].b64
warm?,38,BOHEMIA_MOUNTED_SIGNS_7_13_26.txt.signs[8].b64
warm?,29,BOHEMIA_MOUNTED_SIGNS_7_13_26.txt.signs[9].b64
warm?,492,BOHEMIA_PATH_SEAMLESS_SET_7_10_26.txt.tiles[0].b64
warm?,415,BOHEMIA_PATH_SEAMLESS_SET_7_10_26.txt.tiles[2].b64
PURPLE,1,BOHEMIA_PATH_SEAMLESS_SET_7_10_26.txt.tiles[2].b64
warm?,437,BOHEMIA_PATH_SEAMLESS_SET_7_10_26.txt.tiles[4].b64
PURPLE,3,BOHEMIA_PATH_SEAMLESS_SET_7_10_26.txt.tiles[4].b64
warm?,442,BOHEMIA_PATH_SEAMLESS_SET_7_10_26.txt.tiles[5].b64
warm?,430,BOHEMIA_PATH_SEAMLESS_SET_7_10_26.txt.tiles[8].b64
PURPLE,4,BOHEMIA_PATH_SEAMLESS_SET_7_10_26.txt.tiles[8].b64
warm?,408,BOHEMIA_PATH_SEAMLESS_SET_7_10_26.txt.tiles[9].b64
PURPLE,1,BOHEMIA_PATH_SEAMLESS_SET_7_10_26.txt.tiles[9].b64
warm?,421,BOHEMIA_PATH_SEAMLESS_SET_7_10_26.txt.tiles[10].b64
warm?,115,BOHEMIA_PATH_SEAMLESS_SET_7_10_26.txt.tiles[11].b64
warm?,268,BOHEMIA_PATH_SEAMLESS_SET_7_10_26.txt.tiles[16].b64
warm?,28,BOHEMIA_PATH_SEAMLESS_SET_7_10_26.txt.tiles[20].b64
warm?,73,BOHEMIA_PATH_SEAMLESS_SET_7_10_26.txt.tiles[23].b64
warm?,53,BOHEMIA_PATH_SEAMLESS_SET_7_10_26.txt.tiles[24].b64
PURPLE,2,BOHEMIA_PATH_SEAMLESS_SET_7_10_26.txt.tiles[24].b64
warm?,49,BOHEMIA_PATH_SEAMLESS_SET_7_10_26.txt.tiles[26].b64
warm?,30,BOHEMIA_PATH_SEAMLESS_SET_7_10_26.txt.tiles[27].b64
warm?,31,BOHEMIA_PATH_SEAMLESS_SET_7_10_26.txt.tiles[28].b64
warm?,59,BOHEMIA_PATH_SEAMLESS_SET_7_10_26.txt.tiles[31].b64
warm?,26,BOHEMIA_PATH_SEAMLESS_SET_7_10_26.txt.tiles[33].b64
warm?,37,BOHEMIA_PATH_SEAMLESS_SET_7_10_26.txt.tiles[34].b64
warm?,45,BOHEMIA_PATH_SEAMLESS_SET_7_10_26.txt.tiles[35].b64
warm?,143,BOHEMIA_PATH_SEAMLESS_SET_7_10_26.txt.tiles[36].b64
warm?,84,BOHEMIA_PATH_SEAMLESS_SET_7_10_26.txt.tiles[37].b64
warm?,68,BOHEMIA_PATH_SEAMLESS_SET_7_10_26.txt.tiles[39].b64
warm?,28,BOHEMIA_PATH_SEAMLESS_SET_7_10_26.txt.tiles[40].b64
PURPLE,1,BOHEMIA_PATH_SEAMLESS_SET_7_10_26.txt.tiles[40].b64
warm?,25,BOHEMIA_PATH_SEAMLESS_SET_7_10_26.txt.tiles[42].b64
warm?,33,BOHEMIA_PATH_SEAMLESS_SET_7_10_26.txt.tiles[45].b64
PURPLE,177,BOHEMIA_PATH_SEAMLESS_SET_7_10_26.txt.tiles[49].b64
warm?,15,BOHEMIA_PATH_SEAMLESS_SET_7_10_26.txt.tiles[69].b64
warm?,27,BOHEMIA_PATH_SEAMLESS_SET_7_10_26.txt.tiles[70].b64
warm?,25,BOHEMIA_PATH_SEAMLESS_SET_7_10_26.txt.tiles[72].b64
warm?,16,BOHEMIA_PATH_SEAMLESS_SET_7_10_26.txt.tiles[76].b64
warm?,407,BOHEMIA_PATH_SEAMLESS_SET_7_10_26.txt.tiles[86].b64
warm?,395,BOHEMIA_PATH_SEAMLESS_SET_7_10_26.txt.tiles[87].b64
warm?,368,BOHEMIA_PATH_SEAMLESS_SET_7_10_26.txt.tiles[88].b64
warm?,390,BOHEMIA_PATH_SEAMLESS_SET_7_10_26.txt.tiles[89].b64
warm?,455,BOHEMIA_PATH_SEAMLESS_SET_7_10_26.txt.tiles[91].b64
warm?,26,BOHEMIA_PERIMETER_WALL_POOL_7_14_26.txt.pool[0].b64
warm?,66,BOHEMIA_PERIMETER_WALL_POOL_7_14_26.txt.pool[1].b64
warm?,186,BOHEMIA_PERIMETER_WALL_POOL_7_14_26.txt.pool[2].b64
LAVA,7,BOHEMIA_PERIMETER_WALL_POOL_7_14_26.txt.pool[3].b64
warm?,11,BOHEMIA_PERIMETER_WALL_POOL_7_14_26.txt.pool[5].b64
warm?,79,BOHEMIA_PERIMETER_WALL_POOL_7_14_26.txt.pool[6].b64
warm?,390,BOHEMIA_PERIMETER_WALL_POOL_7_14_26.txt.pool[7].b64
warm?,303,BOHEMIA_PERIMETER_WALL_POOL_7_14_26.txt.pool[8].b64
warm?,516,BOHEMIA_PERIMETER_WALL_POOL_7_14_26.txt.pool[9].b64
warm?,190,BOHEMIA_PERIMETER_WALL_POOL_7_14_26.txt.pool[10].b64
warm?,395,BOHEMIA_PERIMETER_WALL_POOL_7_14_26.txt.pool[11].b64
warm?,121,BOHEMIA_PERIMETER_WALL_POOL_7_14_26.txt.pool[13].b64
warm?,19,BOHEMIA_PERIMETER_WALL_POOL_7_14_26.txt.pool[14].b64
warm?,69,BOHEMIA_PERIMETER_WALL_POOL_7_14_26.txt.pool[15].b64
warm?,224,BOHEMIA_PERIMETER_WALL_POOL_7_14_26.txt.pool[16].b64
LAVA,1,BOHEMIA_PERIMETER_WALL_POOL_7_14_26.txt.pool[17].b64
warm?,24,BOHEMIA_PERIMETER_WALL_POOL_7_14_26.txt.pool[18].b64
warm?,62,BOHEMIA_PERIMETER_WALL_POOL_7_14_26.txt.pool[19].b64
warm?,94,BOHEMIA_PERIMETER_WALL_POOL_7_14_26.txt.pool[20].b64
warm?,318,BOHEMIA_PERIMETER_WALL_POOL_7_14_26.txt.pool[21].b64
warm?,242,BOHEMIA_PERIMETER_WALL_POOL_7_14_26.txt.pool[22].b64
warm?,352,BOHEMIA_PERIMETER_WALL_POOL_7_14_26.txt.pool[23].b64
LAVA,10,BOHEMIA_ROOF_KIT_EXPANSION_7_14_26.txt.tiles[0].b64
warm?,293,BOHEMIA_ROOF_KIT_EXPANSION_7_14_26.txt.tiles[2].b64
warm?,68,BOHEMIA_ROOF_KIT_EXPANSION_7_14_26.txt.tiles[3].b64
warm?,7,BOHEMIA_ROOF_KIT_EXPANSION_7_14_26.txt.tiles[4].b64
LAVA,3,BOHEMIA_ROOF_KIT_EXPANSION_7_14_26.txt.tiles[5].b64
warm?,7,BOHEMIA_ROOF_KIT_EXPANSION_7_14_26.txt.tiles[6].b64
warm?,157,BOHEMIA_ROOF_KIT_EXPANSION_7_14_26.txt.tiles[7].b64
warm?,6,BOHEMIA_ROOF_KIT_EXPANSION_7_14_26.txt.tiles[8].b64
LAVA,5,BOHEMIA_ROOF_KIT_EXPANSION_7_14_26.txt.tiles[9].b64
warm?,2,BOHEMIA_ROOF_KIT_EXPANSION_7_14_26.txt.tiles[10].b64
warm?,184,BOHEMIA_ROOF_KIT_EXPANSION_7_14_26.txt.tiles[11].b64
warm?,36,BOHEMIA_ROOF_KIT_EXPANSION_7_14_26.txt.tiles[12].b64
LAVA,8,BOHEMIA_ROOF_KIT_EXPANSION_7_14_26.txt.tiles[13].b64
warm?,297,BOHEMIA_ROOF_KIT_EXPANSION_7_14_26.txt.tiles[15].b64
warm?,56,BOHEMIA_ROOF_KIT_EXPANSION_7_14_26.txt.tiles[16].b64
LAVA,6,BOHEMIA_ROOF_KIT_EXPANSION_7_14_26.txt.tiles[17].b64
warm?,48,BOHEMIA_ROOF_KIT_EXPANSION_7_14_26.txt.tiles[19].b64
warm?,4,BOHEMIA_ROOF_KIT_EXPANSION_7_14_26.txt.tiles[20].b64
warm?,115,BOHEMIA_ROOF_KIT_EXPANSION_7_14_26.txt.tiles[21].b64
warm?,16,BOHEMIA_ROOF_KIT_EXPANSION_7_14_26.txt.tiles[22].b64
warm?,212,BOHEMIA_ROOF_KIT_EXPANSION_7_14_26.txt.tiles[23].b64
warm?,11,BOHEMIA_ROOF_KIT_EXPANSION_7_14_26.txt.tiles[24].b64
warm?,132,BOHEMIA_ROOF_KIT_EXPANSION_7_14_26.txt.tiles[25].b64
warm?,298,BOHEMIA_ROOF_KIT_EXPANSION_7_14_26.txt.tiles[27].b64
warm?,62,BOHEMIA_ROOF_KIT_EXPANSION_7_14_26.txt.tiles[28].b64
LAVA,2,BOHEMIA_ROOF_KIT_EXPANSION_7_14_26.txt.tiles[29].b64
warm?,4,BOHEMIA_ROOF_KIT_EXPANSION_7_14_26.txt.tiles[30].b64
warm?,120,BOHEMIA_ROOF_KIT_EXPANSION_7_14_26.txt.tiles[31].b64
warm?,4,BOHEMIA_ROOF_KIT_EXPANSION_7_14_26.txt.tiles[32].b64
warm?,21,BOHEMIA_ROOF_KIT_EXPANSION_7_14_26.txt.tiles[33].b64
warm?,133,BOHEMIA_ROOF_KIT_EXPANSION_7_14_26.txt.tiles[34].b64
LAVA,9,BOHEMIA_ROOF_KIT_EXPANSION_7_14_26.txt.tiles[35].b64
LAVA,1,BOHEMIA_ROOF_SEAMLESS_SET_7_10_26.txt.tiles[0].b64
PURPLE,2,BOHEMIA_ROOF_SEAMLESS_SET_7_10_26.txt.tiles[5].b64
PURPLE,8,BOHEMIA_ROOF_SEAMLESS_SET_7_10_26.txt.tiles[7].b64
PURPLE,6,BOHEMIA_ROOF_SEAMLESS_SET_7_10_26.txt.tiles[9].b64
PURPLE,2,BOHEMIA_ROOF_SEAMLESS_SET_7_10_26.txt.tiles[11].b64
warm?,1,BOHEMIA_ROOF_SEAMLESS_SET_7_10_26.txt.tiles[16].b64
PURPLE,2,BOHEMIA_ROOF_SEAMLESS_SET_7_10_26.txt.tiles[21].b64
warm?,1,BOHEMIA_ROOF_SEAMLESS_SET_7_10_26.txt.tiles[22].b64
PURPLE,5,BOHEMIA_ROOF_SEAMLESS_SET_7_10_26.txt.tiles[22].b64
warm?,1,BOHEMIA_ROOF_SEAMLESS_SET_7_10_26.txt.tiles[25].b64
warm?,48,BOHEMIA_ROOF_SEAMLESS_SET_7_10_26.txt.tiles[36].b64
warm?,1,BOHEMIA_ROOF_SEAMLESS_SET_7_10_26.txt.tiles[43].b64
PURPLE,7,BOHEMIA_ROOF_SEAMLESS_SET_7_10_26.txt.tiles[46].b64
warm?,1,BOHEMIA_SEAM_FIXED_SURFACES_7_14_26.txt.tiles[1].b64
warm?,1,BOHEMIA_SEAM_FIXED_SURFACES_7_14_26.txt.tiles[3].b64
warm?,2,BOHEMIA_SEAM_FIXED_SURFACES_7_14_26.txt.tiles[5].b64
warm?,7,BOHEMIA_SEAM_FIXED_SURFACES_7_14_26.txt.tiles[7].b64
warm?,3,BOHEMIA_SEAM_FIXED_SURFACES_7_14_26.txt.tiles[10].b64
warm?,2,BOHEMIA_SEAM_FIXED_SURFACES_7_14_26.txt.tiles[12].b64
warm?,7,BOHEMIA_SEAM_FIXED_SURFACES_7_14_26.txt.tiles[14].b64
warm?,1,BOHEMIA_SEAM_FIXED_SURFACES_7_14_26.txt.tiles[16].b64
warm?,2,BOHEMIA_SEAM_FIXED_SURFACES_7_14_26.txt.tiles[18].b64
warm?,2,BOHEMIA_SEAM_FIXED_SURFACES_7_14_26.txt.tiles[19].b64
warm?,2,BOHEMIA_SEAM_FIXED_SURFACES_7_14_26.txt.tiles[20].b64
warm?,3,BOHEMIA_SEAM_FIXED_SURFACES_7_14_26.txt.tiles[22].b64
warm?,2,BOHEMIA_SEAM_FIXED_SURFACES_7_14_26.txt.tiles[39].b64
warm?,156,BOHEMIA_SEAM_FIXED_SURFACES_7_14_26.txt.tiles[43].b64
warm?,3,BOHEMIA_SEAM_FIXED_SURFACES_7_14_26.txt.tiles[45].b64
warm?,6,BOHEMIA_SEAM_FIXED_SURFACES_7_14_26.txt.tiles[46].b64
warm?,142,BOHEMIA_SEAM_FIXED_SURFACES_7_14_26.txt.tiles[51].b64
warm?,1,BOHEMIA_SEAM_FIXED_SURFACES_7_14_26.txt.tiles[59].b64
warm?,83,BOHEMIA_SEAM_FIXED_SURFACES_7_14_26.txt.tiles[70].b64
warm?,76,BOHEMIA_SEAM_FIXED_SURFACES_7_14_26.txt.tiles[71].b64
warm?,8,BOHEMIA_SEAM_FIXED_SURFACES_7_14_26.txt.tiles[73].b64
warm?,23,BOHEMIA_SEAM_FIXED_SURFACES_7_14_26.txt.tiles[95].b64
warm?,10,BOHEMIA_SEAM_FIXED_SURFACES_7_14_26.txt.tiles[96].b64
warm?,26,BOHEMIA_SEAM_FIXED_SURFACES_7_14_26.txt.tiles[97].b64
warm?,24,BOHEMIA_SEAM_FIXED_SURFACES_7_14_26.txt.tiles[98].b64
warm?,20,BOHEMIA_SEAM_FIXED_SURFACES_7_14_26.txt.tiles[99].b64
warm?,54,BOHEMIA_SEAM_FIXED_SURFACES_7_14_26.txt.tiles[100].b64
warm?,23,BOHEMIA_SEAM_FIXED_SURFACES_7_14_26.txt.tiles[101].b64
warm?,343,BOHEMIA_SEAM_FIXED_SURFACES_7_14_26.txt.tiles[121].b64
warm?,19,BOHEMIA_SEAM_FIXED_SURFACES_7_14_26.txt.tiles[132].b64
warm?,9,BOHEMIA_SEAM_FIXED_SURFACES_7_14_26.txt.tiles[135].b64
warm?,4,BOHEMIA_SEAM_FIXED_SURFACES_7_14_26.txt.tiles[214].b64
LAVA,3,BOHEMIA_SEAM_FIXED_SURFACES_7_14_26.txt.tiles[215].b64
LAVA,4,BOHEMIA_SEAM_FIXED_SURFACES_7_14_26.txt.tiles[216].b64
warm?,6,BOHEMIA_SEAM_FIXED_SURFACES_7_14_26.txt.tiles[218].b64
warm?,36,BOHEMIA_SEAM_FIXED_SURFACES_7_14_26.txt.tiles[220].b64
warm?,50,BOHEMIA_SEAM_FIXED_SURFACES_7_14_26.txt.tiles[222].b64
LAVA,2,BOHEMIA_SEAM_FIXED_SURFACES_7_14_26.txt.tiles[223].b64
warm?,14,BOHEMIA_SEAM_FIXED_SURFACES_7_14_26.txt.tiles[224].b64
warm?,65,BOHEMIA_SEAM_FIXED_SURFACES_7_14_26.txt.tiles[225].b64
warm?,24,BOHEMIA_SEAM_FIXED_SURFACES_7_14_26.txt.tiles[226].b64
warm?,20,BOHEMIA_SEAM_FIXED_SURFACES_7_14_26.txt.tiles[227].b64
warm?,15,BOHEMIA_SEAM_FIXED_SURFACES_7_14_26.txt.tiles[228].b64
warm?,19,BOHEMIA_SEAM_FIXED_SURFACES_7_14_26.txt.tiles[229].b64
warm?,5,BOHEMIA_SEAM_FIXED_SURFACES_7_14_26.txt.tiles[236].b64
warm?,13,BOHEMIA_SEAM_FIXED_SURFACES_7_14_26.txt.tiles[237].b64
warm?,5,BOHEMIA_SEAM_FIXED_SURFACES_7_14_26.txt.tiles[239].b64
warm?,2,BOHEMIA_SEAM_FIXED_SURFACES_7_14_26.txt.tiles[242].b64
warm?,15,BOHEMIA_SEAM_FIXED_SURFACES_7_14_26.txt.tiles[248].b64
warm?,11,BOHEMIA_SEAM_FIXED_SURFACES_7_14_26.txt.tiles[249].b64
warm?,271,BOHEMIA_SEAM_FIXED_SURFACES_7_14_26.txt.tiles[253].b64
warm?,246,BOHEMIA_SEAM_FIXED_SURFACES_7_14_26.txt.tiles[254].b64
warm?,239,BOHEMIA_SEAM_FIXED_SURFACES_7_14_26.txt.tiles[255].b64
warm?,229,BOHEMIA_SEAM_FIXED_SURFACES_7_14_26.txt.tiles[256].b64
warm?,281,BOHEMIA_SEAM_FIXED_SURFACES_7_14_26.txt.tiles[257].b64
warm?,159,BOHEMIA_SEAM_FIXED_SURFACES_7_14_26.txt.tiles[258].b64
warm?,152,BOHEMIA_SEAM_FIXED_SURFACES_7_14_26.txt.tiles[259].b64
warm?,142,BOHEMIA_SEAM_FIXED_SURFACES_7_14_26.txt.tiles[260].b64
warm?,141,BOHEMIA_SEAM_FIXED_SURFACES_7_14_26.txt.tiles[261].b64
warm?,230,BOHEMIA_SEAM_FIXED_SURFACES_7_14_26.txt.tiles[262].b64
warm?,176,BOHEMIA_SEAM_FIXED_SURFACES_7_14_26.txt.tiles[263].b64
warm?,177,BOHEMIA_SEAM_FIXED_SURFACES_7_14_26.txt.tiles[264].b64
warm?,134,BOHEMIA_SEAM_FIXED_SURFACES_7_14_26.txt.tiles[265].b64
warm?,154,BOHEMIA_SEAM_FIXED_SURFACES_7_14_26.txt.tiles[266].b64
warm?,146,BOHEMIA_SEAM_FIXED_SURFACES_7_14_26.txt.tiles[267].b64
warm?,150,BOHEMIA_SEAM_FIXED_SURFACES_7_14_26.txt.tiles[268].b64
warm?,154,BOHEMIA_SEAM_FIXED_SURFACES_7_14_26.txt.tiles[269].b64
warm?,140,BOHEMIA_SEAM_FIXED_SURFACES_7_14_26.txt.tiles[270].b64
warm?,154,BOHEMIA_SEAM_FIXED_SURFACES_7_14_26.txt.tiles[271].b64
warm?,99,BOHEMIA_SEAM_FIXED_SURFACES_7_14_26.txt.tiles[272].b64
warm?,117,BOHEMIA_SEAM_FIXED_SURFACES_7_14_26.txt.tiles[273].b64
warm?,119,BOHEMIA_SEAM_FIXED_SURFACES_7_14_26.txt.tiles[274].b64
warm?,127,BOHEMIA_SEAM_FIXED_SURFACES_7_14_26.txt.tiles[275].b64
warm?,107,BOHEMIA_SEAM_FIXED_SURFACES_7_14_26.txt.tiles[276].b64
warm?,128,BOHEMIA_SEAM_FIXED_SURFACES_7_14_26.txt.tiles[277].b64
warm?,115,BOHEMIA_SEAM_FIXED_SURFACES_7_14_26.txt.tiles[278].b64
warm?,106,BOHEMIA_SEAM_FIXED_SURFACES_7_14_26.txt.tiles[279].b64
warm?,211,BOHEMIA_SEAM_FIXED_SURFACES_7_14_26.txt.tiles[280].b64
warm?,165,BOHEMIA_SEAM_FIXED_SURFACES_7_14_26.txt.tiles[281].b64
warm?,180,BOHEMIA_SEAM_FIXED_SURFACES_7_14_26.txt.tiles[282].b64
warm?,257,BOHEMIA_SEAM_FIXED_SURFACES_7_14_26.txt.tiles[283].b64
warm?,268,BOHEMIA_SEAM_FIXED_SURFACES_7_14_26.txt.tiles[284].b64
warm?,450,BOHEMIA_SEAM_FIXED_SURFACES_7_14_26.txt.tiles[285].b64
warm?,435,BOHEMIA_SEAM_FIXED_SURFACES_7_14_26.txt.tiles[286].b64
warm?,299,BOHEMIA_SEAM_FIXED_SURFACES_7_14_26.txt.tiles[287].b64
warm?,313,BOHEMIA_SEAM_FIXED_SURFACES_7_14_26.txt.tiles[288].b64
warm?,229,BOHEMIA_SEAM_FIXED_SURFACES_7_14_26.txt.tiles[289].b64
warm?,547,BOHEMIA_SEAM_FIXED_SURFACES_7_14_26.txt.tiles[290].b64
warm?,163,BOHEMIA_SEAM_FIXED_SURFACES_7_14_26.txt.tiles[291].b64
warm?,136,BOHEMIA_SEAM_FIXED_SURFACES_7_14_26.txt.tiles[292].b64
warm?,168,BOHEMIA_SEAM_FIXED_SURFACES_7_14_26.txt.tiles[293].b64
warm?,77,BOHEMIA_SEAM_FIXED_SURFACES_7_14_26.txt.tiles[294].b64
warm?,31,BOHEMIA_SEAM_FIXED_SURFACES_7_14_26.txt.tiles[295].b64
warm?,15,BOHEMIA_SEAM_FIXED_SURFACES_7_14_26.txt.tiles[296].b64
warm?,2,BOHEMIA_SEAM_FIXED_SURFACES_7_14_26.txt.tiles[297].b64
warm?,12,BOHEMIA_SEAM_FIXED_SURFACES_7_14_26.txt.tiles[298].b64
warm?,1,BOHEMIA_SEAM_FIXED_SURFACES_7_14_26.txt.tiles[299].b64
warm?,2,BOHEMIA_SEAM_FIXED_SURFACES_7_14_26.txt.tiles[301].b64
warm?,653,BOHEMIA_SEAM_FIXED_SURFACES_7_14_26.txt.tiles[309].b64
warm?,675,BOHEMIA_SEAM_FIXED_SURFACES_7_14_26.txt.tiles[310].b64
warm?,676,BOHEMIA_SEAM_FIXED_SURFACES_7_14_26.txt.tiles[311].b64
warm?,676,BOHEMIA_SEAM_FIXED_SURFACES_7_14_26.txt.tiles[312].b64
warm?,676,BOHEMIA_SEAM_FIXED_SURFACES_7_14_26.txt.tiles[313].b64
warm?,673,BOHEMIA_SEAM_FIXED_SURFACES_7_14_26.txt.tiles[314].b64
warm?,675,BOHEMIA_SEAM_FIXED_SURFACES_7_14_26.txt.tiles[315].b64
warm?,666,BOHEMIA_SEAM_FIXED_SURFACES_7_14_26.txt.tiles[316].b64
warm?,475,BOHEMIA_SEAM_FIXED_SURFACES_7_14_26.txt.tiles[317].b64
warm?,666,BOHEMIA_SEAM_FIXED_SURFACES_7_14_26.txt.tiles[318].b64
warm?,675,BOHEMIA_SEAM_FIXED_SURFACES_7_14_26.txt.tiles[319].b64
warm?,419,BOHEMIA_SEAM_FIXED_SURFACES_7_14_26.txt.tiles[320].b64
warm?,541,BOHEMIA_SEAM_FIXED_SURFACES_7_14_26.txt.tiles[321].b64
warm?,563,BOHEMIA_SEAM_FIXED_SURFACES_7_14_26.txt.tiles[322].b64
warm?,673,BOHEMIA_SEAM_FIXED_SURFACES_7_14_26.txt.tiles[323].b64
warm?,632,BOHEMIA_SEAM_FIXED_SURFACES_7_14_26.txt.tiles[324].b64
warm?,492,BOHEMIA_SEAM_FIXED_SURFACES_7_14_26.txt.tiles[325].b64
warm?,382,BOHEMIA_SEAM_FIXED_SURFACES_7_14_26.txt.tiles[326].b64
warm?,433,BOHEMIA_SEAM_FIXED_SURFACES_7_14_26.txt.tiles[327].b64
warm?,306,BOHEMIA_SEAM_FIXED_SURFACES_7_14_26.txt.tiles[328].b64
warm?,431,BOHEMIA_SEAM_FIXED_SURFACES_7_14_26.txt.tiles[329].b64
warm?,673,BOHEMIA_SEAM_FIXED_SURFACES_7_14_26.txt.tiles[330].b64
warm?,462,BOHEMIA_SEAM_FIXED_SURFACES_7_14_26.txt.tiles[331].b64
warm?,399,BOHEMIA_SEAM_FIXED_SURFACES_7_14_26.txt.tiles[332].b64
warm?,1,BOHEMIA_SEAM_FIXED_SURFACES_7_14_26.txt.tiles[357].b64
warm?,12,BOHEMIA_SEAM_FIXED_SURFACES_7_14_26.txt.tiles[358].b64
warm?,16,BOHEMIA_SEAM_FIXED_SURFACES_7_14_26.txt.tiles[359].b64
warm?,4,BOHEMIA_SEAM_FIXED_SURFACES_7_14_26.txt.tiles[360].b64
warm?,31,BOHEMIA_SEAM_FIXED_SURFACES_7_14_26.txt.tiles[361].b64
warm?,28,BOHEMIA_SEAM_FIXED_SURFACES_7_14_26.txt.tiles[362].b64
warm?,51,BOHEMIA_SEAM_FIXED_SURFACES_7_14_26.txt.tiles[363].b64
warm?,79,BOHEMIA_SEAM_FIXED_SURFACES_7_14_26.txt.tiles[364].b64
warm?,95,BOHEMIA_SEAM_FIXED_SURFACES_7_14_26.txt.tiles[365].b64
warm?,94,BOHEMIA_SEAM_FIXED_SURFACES_7_14_26.txt.tiles[366].b64
warm?,22,BOHEMIA_SEAM_FIXED_SURFACES_7_14_26.txt.tiles[367].b64
warm?,21,BOHEMIA_SEAM_FIXED_SURFACES_7_14_26.txt.tiles[368].b64
warm?,29,BOHEMIA_SEAM_FIXED_SURFACES_7_14_26.txt.tiles[369].b64
warm?,22,BOHEMIA_SEAM_FIXED_SURFACES_7_14_26.txt.tiles[370].b64
warm?,1,BOHEMIA_SEAM_FIXED_SURFACES_7_14_26.txt.tiles[371].b64
warm?,3,BOHEMIA_SEAM_FIXED_SURFACES_7_14_26.txt.tiles[372].b64
warm?,12,BOHEMIA_SEAM_FIXED_SURFACES_7_14_26.txt.tiles[373].b64
warm?,42,BOHEMIA_SEAM_FIXED_SURFACES_7_14_26.txt.tiles[374].b64
warm?,67,BOHEMIA_SEAM_FIXED_SURFACES_7_14_26.txt.tiles[375].b64
warm?,69,BOHEMIA_SEAM_FIXED_SURFACES_7_14_26.txt.tiles[376].b64
warm?,2,BOHEMIA_SEAM_FIXED_SURFACES_7_14_26.txt.tiles[378].b64
warm?,5,BOHEMIA_SEAM_FIXED_SURFACES_7_14_26.txt.tiles[379].b64
warm?,12,BOHEMIA_SEAM_FIXED_SURFACES_7_14_26.txt.tiles[380].b64
warm?,4,BOHEMIA_SEAM_FIXED_SURFACES_7_14_26.txt.tiles[381].b64
warm?,19,BOHEMIA_SEAM_FIXED_SURFACES_7_14_26.txt.tiles[385].b64
warm?,134,BOHEMIA_SEAM_FIXED_SURFACES_7_14_26.txt.tiles[386].b64
warm?,219,BOHEMIA_SEAM_FIXED_SURFACES_7_14_26.txt.tiles[387].b64
warm?,278,BOHEMIA_SEAM_FIXED_SURFACES_7_14_26.txt.tiles[388].b64
warm?,71,BOHEMIA_SEAM_FIXED_SURFACES_7_14_26.txt.tiles[389].b64
warm?,14,BOHEMIA_SEAM_FIXED_SURFACES_7_14_26.txt.tiles[390].b64
warm?,49,BOHEMIA_SEAM_FIXED_SURFACES_7_14_26.txt.tiles[391].b64
warm?,79,BOHEMIA_SEAM_FIXED_SURFACES_7_14_26.txt.tiles[392].b64
warm?,9,BOHEMIA_SEAM_FIXED_SURFACES_7_14_26.txt.tiles[393].b64
warm?,23,BOHEMIA_SEAM_FIXED_SURFACES_7_14_26.txt.tiles[394].b64
warm?,30,BOHEMIA_SEAM_FIXED_SURFACES_7_14_26.txt.tiles[395].b64
warm?,32,BOHEMIA_SEAM_FIXED_SURFACES_7_14_26.txt.tiles[396].b64
warm?,23,BOHEMIA_SEAM_FIXED_SURFACES_7_14_26.txt.tiles[397].b64
warm?,33,BOHEMIA_SEAM_FIXED_SURFACES_7_14_26.txt.tiles[398].b64
warm?,56,BOHEMIA_SEAM_FIXED_SURFACES_7_14_26.txt.tiles[399].b64
warm?,37,BOHEMIA_SEAM_FIXED_SURFACES_7_14_26.txt.tiles[400].b64
warm?,36,BOHEMIA_SEAM_FIXED_SURFACES_7_14_26.txt.tiles[401].b64
warm?,20,BOHEMIA_SEAM_FIXED_SURFACES_7_14_26.txt.tiles[402].b64
warm?,41,BOHEMIA_SEAM_FIXED_SURFACES_7_14_26.txt.tiles[403].b64
warm?,23,BOHEMIA_SEAM_FIXED_SURFACES_7_14_26.txt.tiles[404].b64
warm?,27,BOHEMIA_SEAM_FIXED_SURFACES_7_14_26.txt.tiles[405].b64
warm?,52,BOHEMIA_SEAM_FIXED_SURFACES_7_14_26.txt.tiles[406].b64
warm?,147,BOHEMIA_SEAM_FIXED_SURFACES_7_14_26.txt.tiles[407].b64
warm?,100,BOHEMIA_SEAM_FIXED_SURFACES_7_14_26.txt.tiles[408].b64
warm?,52,BOHEMIA_SEAM_FIXED_SURFACES_7_14_26.txt.tiles[409].b64
warm?,163,BOHEMIA_SEAM_FIXED_SURFACES_7_14_26.txt.tiles[410].b64
warm?,51,BOHEMIA_SEAM_FIXED_SURFACES_7_14_26.txt.tiles[411].b64
LAVA,10,BOHEMIA_SEAM_FIXED_SURFACES_7_14_26.txt.tiles[412].b64
warm?,288,BOHEMIA_SEAM_FIXED_SURFACES_7_14_26.txt.tiles[414].b64
warm?,68,BOHEMIA_SEAM_FIXED_SURFACES_7_14_26.txt.tiles[415].b64
warm?,7,BOHEMIA_SEAM_FIXED_SURFACES_7_14_26.txt.tiles[416].b64
LAVA,3,BOHEMIA_SEAM_FIXED_SURFACES_7_14_26.txt.tiles[417].b64
warm?,7,BOHEMIA_SEAM_FIXED_SURFACES_7_14_26.txt.tiles[418].b64
warm?,157,BOHEMIA_SEAM_FIXED_SURFACES_7_14_26.txt.tiles[419].b64
warm?,6,BOHEMIA_SEAM_FIXED_SURFACES_7_14_26.txt.tiles[420].b64
LAVA,11,BOHEMIA_SEAM_FIXED_SURFACES_7_14_26.txt.tiles[421].b64
warm?,2,BOHEMIA_SEAM_FIXED_SURFACES_7_14_26.txt.tiles[422].b64
warm?,184,BOHEMIA_SEAM_FIXED_SURFACES_7_14_26.txt.tiles[423].b64
warm?,36,BOHEMIA_SEAM_FIXED_SURFACES_7_14_26.txt.tiles[424].b64
LAVA,7,BOHEMIA_SEAM_FIXED_SURFACES_7_14_26.txt.tiles[425].b64
warm?,312,BOHEMIA_SEAM_FIXED_SURFACES_7_14_26.txt.tiles[427].b64
warm?,55,BOHEMIA_SEAM_FIXED_SURFACES_7_14_26.txt.tiles[428].b64
LAVA,6,BOHEMIA_SEAM_FIXED_SURFACES_7_14_26.txt.tiles[429].b64
warm?,48,BOHEMIA_SEAM_FIXED_SURFACES_7_14_26.txt.tiles[431].b64
warm?,4,BOHEMIA_SEAM_FIXED_SURFACES_7_14_26.txt.tiles[432].b64
warm?,115,BOHEMIA_SEAM_FIXED_SURFACES_7_14_26.txt.tiles[433].b64
warm?,16,BOHEMIA_SEAM_FIXED_SURFACES_7_14_26.txt.tiles[434].b64
warm?,212,BOHEMIA_SEAM_FIXED_SURFACES_7_14_26.txt.tiles[435].b64
warm?,11,BOHEMIA_SEAM_FIXED_SURFACES_7_14_26.txt.tiles[436].b64
LAVA,5,BOHEMIA_SEAM_FIXED_SURFACES_7_14_26.txt.tiles[437].b64
warm?,298,BOHEMIA_SEAM_FIXED_SURFACES_7_14_26.txt.tiles[439].b64
warm?,90,BOHEMIA_SEAM_FIXED_SURFACES_7_14_26.txt.tiles[440].b64
LAVA,2,BOHEMIA_SEAM_FIXED_SURFACES_7_14_26.txt.tiles[441].b64
warm?,4,BOHEMIA_SEAM_FIXED_SURFACES_7_14_26.txt.tiles[442].b64
warm?,120,BOHEMIA_SEAM_FIXED_SURFACES_7_14_26.txt.tiles[443].b64
warm?,4,BOHEMIA_SEAM_FIXED_SURFACES_7_14_26.txt.tiles[444].b64
warm?,21,BOHEMIA_SEAM_FIXED_SURFACES_7_14_26.txt.tiles[445].b64
warm?,133,BOHEMIA_SEAM_FIXED_SURFACES_7_14_26.txt.tiles[446].b64
LAVA,9,BOHEMIA_SEAM_FIXED_SURFACES_7_14_26.txt.tiles[447].b64
warm?,6,BOHEMIA_SEAM_FIXED_SURFACES_7_14_26.txt.tiles[456].b64
warm?,1,BOHEMIA_SEAM_FIXED_SURFACES_7_14_26.txt.tiles[458].b64
warm?,1,BOHEMIA_SEAM_FIXED_SURFACES_7_14_26.txt.tiles[459].b64
warm?,1,BOHEMIA_SEAM_FIXED_SURFACES_7_14_26.txt.tiles[460].b64
warm?,1,BOHEMIA_SEAM_FIXED_SURFACES_7_14_26.txt.tiles[461].b64
warm?,2,BOHEMIA_SEAM_FIXED_SURFACES_7_14_26.txt.tiles[463].b64
warm?,3,BOHEMIA_SEAM_FIXED_SURFACES_7_14_26.txt.tiles[466].b64
warm?,1,BOHEMIA_SEAM_FIXED_SURFACES_7_14_26.txt.tiles[467].b64
warm?,1,BOHEMIA_SEAM_FIXED_SURFACES_7_14_26.txt.tiles[468].b64
warm?,1,BOHEMIA_SEAM_FIXED_SURFACES_7_14_26.txt.tiles[470].b64
warm?,1,BOHEMIA_SEAM_FIXED_SURFACES_7_14_26.txt.tiles[473].b64
warm?,4,BOHEMIA_SEAM_FIXED_SURFACES_7_14_26.txt.tiles[474].b64
warm?,1,BOHEMIA_SEAM_FIXED_SURFACES_7_14_26.txt.tiles[475].b64
warm?,1,BOHEMIA_SEAM_FIXED_SURFACES_7_14_26.txt.tiles[476].b64
warm?,1,BOHEMIA_SEAM_FIXED_SURFACES_7_14_26.txt.tiles[477].b64
LAVA,2,BOHEMIA_SEAM_FIXED_SURFACES_7_14_26.txt.tiles[483].b64
warm?,2,BOHEMIA_SEAM_FIXED_SURFACES_7_14_26.txt.tiles[484].b64
LAVA,2,BOHEMIA_SEAM_FIXED_SURFACES_7_14_26.txt.tiles[485].b64
warm?,2,BOHEMIA_SEAM_FIXED_SURFACES_7_14_26.txt.tiles[488].b64
warm?,1,BOHEMIA_SEAM_FIXED_SURFACES_7_14_26.txt.tiles[489].b64
warm?,1,BOHEMIA_SEAM_FIXED_SURFACES_7_14_26.txt.tiles[490].b64
warm?,4,BOHEMIA_SEAM_FIXED_SURFACES_7_14_26.txt.tiles[491].b64
warm?,1,BOHEMIA_SEAM_FIXED_SURFACES_7_14_26.txt.tiles[492].b64
warm?,634,BOHEMIA_SEAM_FIXED_SURFACES_7_14_26.txt.tiles[560].b64
warm?,654,BOHEMIA_SEAM_FIXED_SURFACES_7_14_26.txt.tiles[561].b64
warm?,9,BOHEMIA_SEAM_FIXED_SURFACES_7_14_26.txt.tiles[562].b64
warm?,546,BOHEMIA_SEAM_FIXED_SURFACES_7_14_26.txt.tiles[563].b64
warm?,172,BOHEMIA_SEAM_FIXED_SURFACES_7_14_26.txt.tiles[564].b64
LAVA,11,BOHEMIA_SEAM_FIXED_SURFACES_7_14_26.txt.tiles[567].b64
warm?,660,BOHEMIA_SEAM_FIXED_SURFACES_7_14_26.txt.tiles[570].b64
warm?,676,BOHEMIA_SEAM_FIXED_SURFACES_7_14_26.txt.tiles[571].b64
LAVA,1,BOHEMIA_SEAM_FIXED_SURFACES_7_14_26.txt.tiles[572].b64
LAVA,14,BOHEMIA_SEAM_FIXED_SURFACES_7_14_26.txt.tiles[574].b64
LAVA,2,BOHEMIA_SEAM_FIXED_SURFACES_7_14_26.txt.tiles[576].b64
warm?,548,BOHEMIA_SEAM_FIXED_SURFACES_7_14_26.txt.tiles[577].b64
warm?,410,BOHEMIA_SEAM_FIXED_SURFACES_7_14_26.txt.tiles[578].b64
warm?,118,BOHEMIA_SEAM_FIXED_SURFACES_7_14_26.txt.tiles[579].b64
LAVA,6,BOHEMIA_SEAM_FIXED_SURFACES_7_14_26.txt.tiles[581].b64
warm?,35,BOHEMIA_SEAM_FIXED_SURFACES_7_14_26.txt.tiles[582].b64
LAVA,17,BOHEMIA_SEAM_FIXED_SURFACES_7_14_26.txt.tiles[583].b64
warm?,31,BOHEMIA_STREET_ANATOMY_POOL_7_13_26.txt.tiles[6].b64
warm?,32,BOHEMIA_STREET_ANATOMY_POOL_7_13_26.txt.tiles[7].b64
warm?,21,BOHEMIA_STREET_ANATOMY_POOL_7_13_26.txt.tiles[8].b64
warm?,23,BOHEMIA_STREET_ANATOMY_POOL_7_13_26.txt.tiles[9].b64
warm?,16,BOHEMIA_STREET_ANATOMY_POOL_7_13_26.txt.tiles[10].b64
warm?,16,BOHEMIA_STREET_ANATOMY_POOL_7_13_26.txt.tiles[11].b64
warm?,82,BOHEMIA_STREET_POOLS_HARMONIZED_7_14_26.txt.pools.desert[0]
warm?,228,BOHEMIA_STREET_POOLS_HARMONIZED_7_14_26.txt.pools.desert[1]
warm?,88,BOHEMIA_STREET_POOLS_HARMONIZED_7_14_26.txt.pools.desert[2]
warm?,9,BOHEMIA_STREET_POOLS_HARMONIZED_7_14_26.txt.pools.desert[3]
warm?,29,BOHEMIA_STREET_POOLS_HARMONIZED_7_14_26.txt.pools.desert[4]
warm?,663,BOHEMIA_STREET_POOLS_HARMONIZED_7_14_26.txt.pools.desert[5]
warm?,675,BOHEMIA_STREET_POOLS_HARMONIZED_7_14_26.txt.pools.desert[6]
warm?,676,BOHEMIA_STREET_POOLS_HARMONIZED_7_14_26.txt.pools.desert[7]
warm?,676,BOHEMIA_STREET_POOLS_HARMONIZED_7_14_26.txt.pools.desert[8]
warm?,675,BOHEMIA_STREET_POOLS_HARMONIZED_7_14_26.txt.pools.desert[9]
LAVA,2,BOHEMIA_STREET_POOLS_HARMONIZED_7_14_26.txt.pools.scorch[1]
warm?,12,BOHEMIA_STREET_POOLS_HARMONIZED_7_14_26.txt.pools.scorch[2]
warm?,45,BOHEMIA_STREET_POOLS_HARMONIZED_7_14_26.txt.weather_variants.desert[0]
warm?,10,BOHEMIA_STREET_POOLS_HARMONIZED_7_14_26.txt.weather_variants.desert[1]
warm?,149,BOHEMIA_STREET_POOLS_HARMONIZED_7_14_26.txt.weather_variants.desert[2]
warm?,66,BOHEMIA_STREET_POOLS_HARMONIZED_7_14_26.txt.weather_variants.desert[3]
warm?,43,BOHEMIA_STREET_POOLS_HARMONIZED_7_14_26.txt.weather_variants.desert[4]
warm?,18,BOHEMIA_STREET_POOLS_HARMONIZED_7_14_26.txt.weather_variants.desert[5]
warm?,1,BOHEMIA_STREET_POOLS_HARMONIZED_7_14_26.txt.weather_variants.desert[6]
warm?,25,BOHEMIA_STREET_POOLS_HARMONIZED_7_14_26.txt.weather_variants.desert[8]
warm?,18,BOHEMIA_STREET_POOLS_HARMONIZED_7_14_26.txt.weather_variants.desert[9]
warm?,671,BOHEMIA_STREET_POOLS_HARMONIZED_7_14_26.txt.weather_variants.desert[10]
warm?,575,BOHEMIA_STREET_POOLS_HARMONIZED_7_14_26.txt.weather_variants.desert[11]
warm?,676,BOHEMIA_STREET_POOLS_HARMONIZED_7_14_26.txt.weather_variants.desert[12]
warm?,667,BOHEMIA_STREET_POOLS_HARMONIZED_7_14_26.txt.weather_variants.desert[13]
warm?,676,BOHEMIA_STREET_POOLS_HARMONIZED_7_14_26.txt.weather_variants.desert[14]
warm?,676,BOHEMIA_STREET_POOLS_HARMONIZED_7_14_26.txt.weather_variants.desert[15]
warm?,676,BOHEMIA_STREET_POOLS_HARMONIZED_7_14_26.txt.weather_variants.desert[16]
warm?,676,BOHEMIA_STREET_POOLS_HARMONIZED_7_14_26.txt.weather_variants.desert[17]
warm?,676,BOHEMIA_STREET_POOLS_HARMONIZED_7_14_26.txt.weather_variants.desert[18]
warm?,655,BOHEMIA_STREET_POOLS_HARMONIZED_7_14_26.txt.weather_variants.desert[19]
warm?,1,BOHEMIA_STREET_POOLS_HARMONIZED_7_14_26.txt.weather_variants.scorch[0]
LAVA,2,BOHEMIA_STREET_POOLS_HARMONIZED_7_14_26.txt.weather_variants.scorch[2]
LAVA,1,BOHEMIA_STREET_POOLS_HARMONIZED_7_14_26.txt.weather_variants.scorch[3]
LAVA,1,BOHEMIA_STREET_POOLS_HARMONIZED_7_14_26.txt.weather_variants.scorch[4]
warm?,7,BOHEMIA_STREET_POOLS_HARMONIZED_7_14_26.txt.weather_variants.scorch[5]
warm?,2,BOHEMIA_TURN_MARKING_CANDIDATES_7_14_26.txt.candidates.twlt_v_L[0]
warm?,5,BOHEMIA_TURN_MARKING_CANDIDATES_7_14_26.txt.candidates.twlt_v_L[1]
warm?,2,BOHEMIA_TURN_MARKING_CANDIDATES_7_14_26.txt.candidates.twlt_v_L[2]
warm?,2,BOHEMIA_TURN_MARKING_CANDIDATES_7_14_26.txt.candidates.twlt_v_L[3]
warm?,2,BOHEMIA_TURN_MARKING_CANDIDATES_7_14_26.txt.candidates.twlt_v_L[4]
warm?,2,BOHEMIA_TURN_MARKING_CANDIDATES_7_14_26.txt.candidates.twlt_v_L[5]
warm?,1,BOHEMIA_TURN_MARKING_CANDIDATES_7_14_26.txt.candidates.twlt_v_R[0]
warm?,3,BOHEMIA_TURN_MARKING_CANDIDATES_7_14_26.txt.candidates.twlt_v_R[1]
warm?,3,BOHEMIA_TURN_MARKING_CANDIDATES_7_14_26.txt.candidates.twlt_v_R[3]
warm?,2,BOHEMIA_TURN_MARKING_CANDIDATES_7_14_26.txt.candidates.twlt_v_R[4]
warm?,3,BOHEMIA_TURN_MARKING_CANDIDATES_7_14_26.txt.candidates.twlt_v_R[5]
warm?,1,BOHEMIA_TURN_MARKING_CANDIDATES_7_14_26.txt.candidates.twlt_h_T[0]
warm?,1,BOHEMIA_TURN_MARKING_CANDIDATES_7_14_26.txt.candidates.twlt_h_T[1]
warm?,1,BOHEMIA_TURN_MARKING_CANDIDATES_7_14_26.txt.candidates.twlt_h_T[2]
warm?,2,BOHEMIA_TURN_MARKING_CANDIDATES_7_14_26.txt.candidates.twlt_h_T[3]
warm?,1,BOHEMIA_TURN_MARKING_CANDIDATES_7_14_26.txt.candidates.twlt_h_T[5]
warm?,4,BOHEMIA_TURN_MARKING_CANDIDATES_7_14_26.txt.candidates.twlt_h_B[0]
warm?,1,BOHEMIA_TURN_MARKING_CANDIDATES_7_14_26.txt.candidates.twlt_h_B[1]
warm?,1,BOHEMIA_TURN_MARKING_CANDIDATES_7_14_26.txt.candidates.twlt_h_B[3]
warm?,5,BOHEMIA_TURN_MARKING_CANDIDATES_7_14_26.txt.candidates.twlt_h_B[5]
warm?,96,BOHEMIA_WALL_SEAMLESS_SET_7_10_26.txt.tiles[5].b64
PURPLE,272,BOHEMIA_WALL_SEAMLESS_SET_7_10_26.txt.tiles[35].b64
PURPLE,217,BOHEMIA_WALL_SEAMLESS_SET_7_10_26.txt.tiles[40].b64
warm?,42,BOHEMIA_WALL_SEAMLESS_SET_7_10_26.txt.tiles[41].b64
warm?,1,BOHEMIA_WALL_SEAMLESS_SET_7_10_26.txt.tiles[45].b64
warm?,1,BOHEMIA_WALL_SEAMLESS_SET_7_10_26.txt.tiles[46].b64
warm?,2,BOHEMIA_WALL_SEAMLESS_SET_7_10_26.txt.tiles[58].b64
LAVA,1,BOHEMIA_WALL_SEAMLESS_SET_7_10_26.txt.tiles[61].b64
warm?,2,BOHEMIA_WALL_SEAMLESS_SET_7_10_26.txt.tiles[62].b64
warm?,3,BOHEMIA_WALL_SEAMLESS_SET_7_10_26.txt.tiles[64].b64
warm?,8,BOHEMIA_WALL_SEAMLESS_SET_7_10_26.txt.tiles[68].b64
warm?,618,BOHEMIA_WALL_SEAMLESS_SET_7_10_26.txt.tiles[70].b64
warm?,10,BOHEMIA_WALL_SEAMLESS_SET_7_10_26.txt.tiles[72].b64
warm?,131,BOHEMIA_WALL_SEAMLESS_SET_7_10_26.txt.tiles[74].b64
LAVA,8,BOHEMIA_WALL_SEAMLESS_SET_7_10_26.txt.tiles[77].b64
warm?,638,BOHEMIA_WALL_SEAMLESS_SET_7_10_26.txt.tiles[80].b64
warm?,630,BOHEMIA_WALL_SEAMLESS_SET_7_10_26.txt.tiles[81].b64
warm?,441,BOHEMIA_WALL_SEAMLESS_SET_7_10_26.txt.tiles[82].b64
warm?,66,BOHEMIA_WALL_SEAMLESS_SET_7_10_26.txt.tiles[84].b64
LAVA,7,BOHEMIA_WALL_SEAMLESS_SET_7_10_26.txt.tiles[85].b64
warm?,11,BOHEMIA_WALL_SEAMLESS_SET_7_10_26.txt.tiles[86].b64
warm?,390,BOHEMIA_WALL_SEAMLESS_SET_7_10_26.txt.tiles[87].b64
warm?,516,BOHEMIA_WALL_SEAMLESS_SET_7_10_26.txt.tiles[88].b64
warm?,395,BOHEMIA_WALL_SEAMLESS_SET_7_10_26.txt.tiles[89].b64
warm?,121,BOHEMIA_WALL_SEAMLESS_SET_7_10_26.txt.tiles[90].b64
warm?,69,BOHEMIA_WALL_SEAMLESS_SET_7_10_26.txt.tiles[91].b64
LAVA,1,BOHEMIA_WALL_SEAMLESS_SET_7_10_26.txt.tiles[92].b64
warm?,62,BOHEMIA_WALL_SEAMLESS_SET_7_10_26.txt.tiles[93].b64
warm?,318,BOHEMIA_WALL_SEAMLESS_SET_7_10_26.txt.tiles[94].b64
warm?,352,BOHEMIA_WALL_SEAMLESS_SET_7_10_26.txt.tiles[96].b64
warm?,37,BOHEMIA_WALL_SEAMLESS_SET_7_10_26.txt.tiles[101].b64
PURPLE,1,BOHEMIA_WALL_SEAMLESS_SET_7_10_26.txt.tiles[101].b64
PURPLE,7,BOHEMIA_WALL_SEAMLESS_SET_7_10_26.txt.tiles[119].b64
warm?,62,BOHEMIA_WALL_SEAMLESS_SET_7_10_26.txt.tiles[144].b64
warm?,9,BOHEMIA_WALL_SEAMLESS_SET_7_10_26.txt.tiles[145].b64
warm?,1,BOHEMIA_WALL_SEAMLESS_SET_7_10_26.txt.tiles[147].b64
warm?,54,BOHEMIA_WALL_SEAMLESS_SET_7_10_26.txt.tiles[182].b64
warm?,2,BOHEMIA_WALL_SEAMLESS_SET_7_10_26.txt.tiles[204].b64
warm?,3,BOHEMIA_WALL_SEAMLESS_SET_7_10_26.txt.tiles[206].b64
warm?,241,BOHEMIA_WALL_SEAMLESS_SET_7_10_26.txt.tiles[246].b64
PURPLE,5,BOHEMIA_WALL_SEAMLESS_SET_7_10_26.txt.tiles[247].b64
warm?,1,BOHEMIA_WALL_SEAMLESS_SET_7_10_26.txt.tiles[250].b64
warm?,1,BOHEMIA_WALL_SEAMLESS_SET_7_10_26.txt.tiles[253].b64
warm?,10,BOHEMIA_WALL_SEAMLESS_SET_7_10_26.txt.tiles[256].b64
PURPLE,1,BOHEMIA_WALL_SEAMLESS_SET_7_10_26.txt.tiles[256].b64
warm?,5,BOHEMIA_WALL_SEAMLESS_SET_7_10_26.txt.tiles[259].b64
PURPLE,49,BOHEMIA_WATER_SEAMLESS_SET_7_10_26.txt.tiles[7].b64
warm?,14,BOHEMIA_WATER_SEAMLESS_SET_7_10_26.txt.tiles[8].b64
PURPLE,32,BOHEMIA_WATER_SEAMLESS_SET_7_10_26.txt.tiles[8].b64
warm?,1,BOHEMIA_WATER_SEAMLESS_SET_7_10_26.txt.tiles[9].b64
warm?,3,BOHEMIA_WATER_SEAMLESS_SET_7_10_26.txt.tiles[10].b64
PURPLE,23,BOHEMIA_WATER_SEAMLESS_SET_7_10_26.txt.tiles[10].b64
warm?,2,BOHEMIA_WATER_SEAMLESS_SET_7_10_26.txt.tiles[11].b64
warm?,1,BOHEMIA_WATER_SEAMLESS_SET_7_10_26.txt.tiles[12].b64
warm?,5,BOHEMIA_WATER_SEAMLESS_SET_7_10_26.txt.tiles[13].b64
LAVA,61,BOHEMIA_WATER_SEAMLESS_SET_7_10_26.txt.tiles[20].b64
warm?,4,BOHEMIA_WATER_SEAMLESS_SET_7_10_26.txt.tiles[30].b64
PURPLE,3,BOHEMIA_WATER_SEAMLESS_SET_7_10_26.txt.tiles[30].b64
warm?,1,BOHEMIA_WATER_SEAMLESS_SET_7_10_26.txt.tiles[31].b64
warm?,20,BOHEMIA_WATER_SEAMLESS_SET_7_10_26.txt.tiles[32].b64
PURPLE,3,BOHEMIA_WATER_SEAMLESS_SET_7_10_26.txt.tiles[32].b64
warm?,31,BOHEMIA_WATER_SEAMLESS_SET_7_10_26.txt.tiles[33].b64
PURPLE,4,BOHEMIA_WATER_SEAMLESS_SET_7_10_26.txt.tiles[33].b64
warm?,18,BOHEMIA_WATER_SEAMLESS_SET_7_10_26.txt.tiles[34].b64
warm?,59,BOHEMIA_WATER_SEAMLESS_SET_7_10_26.txt.tiles[35].b64
warm?,58,BOHEMIA_WATER_SEAMLESS_SET_7_10_26.txt.tiles[36].b64
warm?,47,BOHEMIA_WATER_SEAMLESS_SET_7_10_26.txt.tiles[37].b64
warm?,25,BOHEMIA_WATER_SEAMLESS_SET_7_10_26.txt.tiles[38].b64
warm?,30,BOHEMIA_WATER_SEAMLESS_SET_7_10_26.txt.tiles[39].b64
warm?,24,BOHEMIA_WATER_SEAMLESS_SET_7_10_26.txt.tiles[40].b64
warm?,23,BOHEMIA_WATER_SEAMLESS_SET_7_10_26.txt.tiles[41].b64
warm?,126,BOHEMIA_WATER_SEAMLESS_SET_7_10_26.txt.tiles[42].b64
warm?,42,BOHEMIA_WATER_SEAMLESS_SET_7_10_26.txt.tiles[43].b64
warm?,21,BOHEMIA_WATER_SEAMLESS_SET_7_10_26.txt.tiles[44].b64
PURPLE,1,BOHEMIA_WATER_SEAMLESS_SET_7_10_26.txt.tiles[44].b64
